case_id	role	tier	category	source_kind	source_path	source_sha256	input_sha256	max_given	max_seconds	max_megs	notes
x2-control	control	short	unit-equational	direct	prover9.examples/x2.in	05398944db1a997c7958bfafcdd1c70437f9b2471f6e92aa6c112d67be6b7748	05398944db1a997c7958bfafcdd1c70437f9b2471f6e92aa6c112d67be6b7748	proof	60	512	standard fast proof and component audit seed
osborn-chat	training	short-medium	rewrite-and-hints	direct	/project/bob/chat_test.in	9781ee07691bc62e01f67534208620ca0be3f026f55248a227e9161f1ed17e6c	9781ee07691bc62e01f67534208620ca0be3f026f55248a227e9161f1ed17e6c	100,300,1000,proof	120,600,3600,open	2048,4096,8192,open	88k-hint accepted proof; training only
chat-new-11k	training	short-medium-long	rewrite-unit-backdemod	echoed-gzip	/project/bob/chat_test.new.out3.gz	2b7ab154323801bd541962d2314a23a5861def3fde53271330e4ebd2a54d340e	30528567ef7aacc51b438ff638672a7b26afa63ab7b670017f8da021750b2dcf	100,300,1000,4000,proof	120,600,1800,7200,open	2048,4096,8192,12000,open	primary diagnosed scaling failure; full run only after prefix gates
nil3-1k	training	short-medium	hyperresolution-no-demod	direct	/project/AIM_REDONE/AIM_REDONE/nil3_1K.in	554410c9504336eac1a92084a4e6c3f3d11d69eb785b9318cc7788b0088ae6e3	554410c9504336eac1a92084a4e6c3f3d11d69eb785b9318cc7788b0088ae6e3	100,300,1000	120,600,1800	2048	guards against unused-index overhead
mbol-nil3-a	training	short-medium	hyperresolution-many-hints	direct	/project/AIM_REDONE/AIM_REDONE/mbol_nil3_a.in	f1fb8aced7f1937dc48e023b162d71e4602ef30f62c08a72edc7bfdcbe15d220	f1fb8aced7f1937dc48e023b162d71e4602ef30f62c08a72edc7bfdcbe15d220	100,300,1000	120,600,1800	2048	AIM training case distinct from Osborn
aa-to-nil3	holdout	medium-long	hyperresolution-many-proofs	direct	/project/AIM_REDONE/AIM_REDONE/aa_to_nil3.in	32a642a940de7c795a4342c2722bfc3d4217647233f8c4e35fbbca563087d4ba	32a642a940de7c795a4342c2722bfc3d4217647233f8c4e35fbbca563087d4ba	300,1000,proof	600,1800,open	4096,open	do not tune from this case
tlr-properties-2	holdout	short-medium	hyperresolution-multiple-proofs	direct	/project/AIM_REDONE/AIM_REDONE/TLRproperties_2.in	9861206111d920f8c48f12ad677079d21041231a4574db5f6bb68a67c71407a8	9861206111d920f8c48f12ad677079d21041231a4574db5f6bb68a67c71407a8	300,1000,proof	600,1800,open	4096,open	do not tune from this case
ak2eq-1243	holdout	short-medium	hyperresolution-equational-goal	direct	/project/AIM_REDONE/AIM_REDONE/aK2eq_1243.in	4259a31ce3f8000ee743738936dfd087c022113b88e5eeb0f1d9f0bd47ce5058	4259a31ce3f8000ee743738936dfd087c022113b88e5eeb0f1d9f0bd47ce5058	300,1000,proof	600,1800,open	4096,open	do not tune from this case
aa1-45-b	holdout	medium-long	hyperresolution-hint-guided	direct	/project/AIM_REDONE/AIM_REDONE/aa1_45_b.in	065ed67d6284765b82532fc947a616d31515a5588c21d38f6d2a8ab372cdedce	065ed67d6284765b82532fc947a616d31515a5588c21d38f6d2a8ab372cdedce	300,1000,proof	600,1800,open	4096,open	do not tune from this case
